metric_type,sensor_type,px,py,vx,vy,ro,phi,ro_dot
prediction,none,0.139650,0.267141,-1.242571,-2.376961,0,0,0
prediction,none,0.212624,0.862001,-0.116709,3.570632,0,0,0
update,radar,0.212624,0.862001,-0.116709,3.570632,0.887837,1.328961,3.438777
prediction,none,-0.554318,0.874003,-7.437332,2.347897,0,0,0
prediction,none,-0.653107,0.798444,-4.527036,1.527236,0,0,0
update,radar,-0.653107,0.798444,-4.527036,1.527236,1.031533,2.256402,4.048392
prediction,none,-0.929726,0.694398,-4.599974,1.266104,0,0,0
prediction,none,-1.153375,0.740446,-4.571147,1.242140,0,0,0
update,radar,-1.153375,0.740446,-4.571146,1.242140,1.370597,2.570875,4.517730
prediction,none,-1.402540,0.752195,-4.664693,1.035888,0,0,0
prediction,none,-1.609340,0.789233,-4.581953,1.027547,0,0,0
update,radar,-1.609340,0.789233,-4.581953,1.027547,1.792446,2.685648,4.566325
prediction,none,-1.832221,0.775984,-4.520365,0.735900,0,0,0
prediction,none,-2.004511,0.802587,-4.381779,0.756023,0,0,0
update,radar,-2.004510,0.802587,-4.381779,0.756023,2.159215,2.760750,4.348847
prediction,none,-2.266799,0.777903,-4.572277,0.522068,0,0,0
prediction,none,-2.498067,0.804963,-4.577858,0.523614,0,0,0
update,radar,-2.498067,0.804963,-4.577858,0.523614,2.624558,2.829864,4.517822
prediction,none,-2.806613,0.682008,-4.865350,-0.007379,0,0,0
prediction,none,-3.036778,0.710411,-4.826285,0.094737,0,0,0
update,radar,-3.036778,0.710411,-4.826285,0.094737,3.118766,2.911790,4.720988
prediction,none,-3.289338,0.718552,-4.789487,0.087062,0,0,0
prediction,none,-3.528146,0.754241,-4.777540,0.187231,0,0,0
update,radar,-3.528146,0.754241,-4.777540,0.187231,3.607866,2.930984,4.711116
prediction,none,-3.776936,0.715033,-4.809058,0.033743,0,0,0
prediction,none,-4.023285,0.646315,-4.840012,-0.182702,0,0,0
update,radar,-4.023285,0.646315,-4.840012,-0.182702,4.074867,2.982310,4.749766
prediction,none,-4.259679,0.692034,-4.881915,-0.007230,0,0,0
prediction,none,-4.540447,0.623312,-4.962462,-0.213947,0,0,0
update,radar,-4.540447,0.623312,-4.962462,-0.213947,4.583031,3.005166,4.887254
prediction,none,-4.780183,0.617047,-4.950239,-0.199768,0,0,0
prediction,none,-5.010940,0.681575,-4.907034,0.014940,0,0,0
update,radar,-5.010940,0.681575,-4.907034,0.014940,5.057081,3.006405,4.864276
prediction,none,-5.235511,0.761532,-4.936355,0.250071,0,0,0
prediction,none,-5.492770,0.758643,-4.956732,0.206559,0,0,0
update,radar,-5.492770,0.758643,-4.956732,0.206559,5.544913,3.004344,4.938381
prediction,none,-5.765141,0.734785,-5.092041,0.122105,0,0,0
prediction,none,-5.975973,0.846035,-5.001542,0.410550,0,0,0
update,radar,-5.975973,0.846035,-5.001542,0.410550,6.035563,3.000955,5.009710
prediction,none,-6.190877,0.944666,-4.753462,0.600457,0,0,0
prediction,none,-6.375588,0.962961,-4.665792,0.573190,0,0,0
update,radar,-6.375588,0.962961,-4.665792,0.573190,6.447901,2.991687,4.699069
prediction,none,-6.641416,1.007852,-4.954330,0.646917,0,0,0
prediction,none,-6.912247,0.994818,-4.999954,0.526143,0,0,0
update,radar,-6.912247,0.994818,-4.999954,0.526143,6.983468,2.998653,5.023913
prediction,none,-7.152578,1.021730,-5.002533,0.531263,0,0,0
prediction,none,-7.389056,1.124943,-4.968781,0.730190,0,0,0
update,radar,-7.389056,1.124943,-4.968781,0.730190,7.474198,2.990508,5.022080
prediction,none,-7.637641,1.105440,-4.920307,0.577437,0,0,0
prediction,none,-7.869032,1.152938,-4.893166,0.626484,0,0,0
update,radar,-7.869032,1.152938,-4.893166,0.626484,7.953046,2.996112,4.932296
prediction,none,-8.082470,1.189381,-4.835873,0.642590,0,0,0
prediction,none,-8.310143,1.220135,-4.812364,0.640740,0,0,0
update,radar,-8.310143,1.220135,-4.812364,0.640740,8.399239,2.995810,4.854394
prediction,none,-8.545142,1.340112,-4.851748,0.872427,0,0,0
prediction,none,-8.775760,1.371558,-4.833238,0.843399,0,0,0
update,radar,-8.775760,1.371558,-4.833238,0.843399,8.882294,2.986557,4.905501
prediction,none,-8.967344,1.399618,-4.490694,0.773271,0,0,0
prediction,none,-9.186965,1.509514,-4.473443,0.950328,0,0,0
update,radar,-9.186965,1.509514,-4.473444,0.950328,9.310153,2.978737,4.568336
prediction,none,-9.438016,1.531772,-4.729305,0.918048,0,0,0
prediction,none,-9.698623,1.542101,-4.774380,0.827339,0,0,0
update,radar,-9.698623,1.542101,-4.774380,0.827339,9.820457,2.983911,4.845065
prediction,none,-9.956620,1.533759,-4.903925,0.715997,0,0,0
prediction,none,-10.232956,1.694341,-4.940410,1.016981,0,0,0
update,radar,-10.232956,1.694341,-4.940411,1.016981,10.372279,2.977504,5.040176
prediction,none,-10.445264,1.834416,-4.788972,1.227921,0,0,0
prediction,none,-10.637851,1.940345,-4.704769,1.342658,0,0,0
update,radar,-10.637852,1.940345,-4.704769,1.342658,10.813363,2.961176,4.869332
prediction,none,-10.905128,2.035099,-4.881486,1.429297,0,0,0
prediction,none,-11.140345,2.085184,-4.869339,1.378966,0,0,0
update,radar,-11.140345,2.085184,-4.869339,1.378966,11.333811,2.956560,5.039920
prediction,none,-11.363202,2.180989,-4.817442,1.445173,0,0,0
prediction,none,-11.541463,2.354163,-4.698512,1.697984,0,0,0
update,radar,-11.541464,2.354163,-4.698512,1.697984,11.779112,2.940378,4.943075
prediction,none,-11.782743,2.437147,-4.715475,1.693481,0,0,0
prediction,none,-12.015869,2.596024,-4.700758,1.871387,0,0,0
update,radar,-12.015868,2.596024,-4.700758,1.871387,12.293105,2.928813,4.989940
prediction,none,-12.277210,2.721279,-4.832282,1.963286,0,0,0
prediction,none,-12.519725,2.862592,-4.827614,2.065750,0,0,0
update,radar,-12.519726,2.862592,-4.827614,2.065750,12.842817,2.916810,5.166608
prediction,none,-12.751699,2.933544,-4.729247,1.969280,0,0,0
prediction,none,-12.958419,3.116326,-4.666039,2.175038,0,0,0
update,radar,-12.958419,3.116326,-4.666039,2.175038,13.327869,2.905588,5.045264
prediction,none,-13.179459,3.240784,-4.616392,2.208672,0,0,0
prediction,none,-13.369411,3.437789,-4.533279,2.421604,0,0,0
update,radar,-13.369411,3.437789,-4.533279,2.421604,13.804330,2.889907,4.993523
prediction,none,-13.551694,3.536802,-4.393044,2.361149,0,0,0
prediction,none,-13.729102,3.681143,-4.316481,2.432635,0,0,0
update,radar,-13.729102,3.681143,-4.316481,2.432635,14.214045,2.879627,4.799217
prediction,none,-13.961360,3.847361,-4.358046,2.540046,0,0,0
prediction,none,-14.163445,3.950797,-4.334829,2.488891,0,0,0
update,radar,-14.163445,3.950797,-4.334829,2.488891,14.704147,2.869564,4.844158
prediction,none,-14.349304,4.110983,-4.190276,2.556175,0,0,0
prediction,none,-14.534457,4.281288,-4.141045,2.661100,0,0,0
update,radar,-14.534457,4.281288,-4.141045,2.661100,15.151893,2.855133,4.724214
prediction,none,-14.758306,4.437237,-4.120140,2.696315,0,0,0
prediction,none,-14.935393,4.661928,-4.054176,2.911961,0,0,0
update,radar,-14.935393,4.661928,-4.054176,2.911961,15.646071,2.839036,4.737679
prediction,none,-15.129495,4.811275,-3.991566,2.907643,0,0,0
prediction,none,-15.268777,4.995487,-3.879840,3.013464,0,0,0
update,radar,-15.268777,4.995487,-3.879840,3.013464,16.065193,2.825399,4.624540
prediction,none,-15.442658,5.128508,-3.790187,2.958078,0,0,0
prediction,none,-15.621077,5.362871,-3.754268,3.159643,0,0,0
update,radar,-15.621078,5.362871,-3.754268,3.159642,16.516006,2.810890,4.576800
prediction,none,-15.767031,5.544273,-3.527968,3.172662,0,0,0
prediction,none,-15.968941,5.661093,-3.580872,3.069719,0,0,0
update,radar,-15.968942,5.661093,-3.580872,3.069719,16.942699,2.800909,4.400756
prediction,none,-16.140623,5.789282,-3.579532,3.015821,0,0,0
prediction,none,-16.260737,6.011208,-3.461826,3.195164,0,0,0
update,radar,-16.260738,6.011208,-3.461826,3.195164,17.336269,2.787498,4.354953
prediction,none,-16.421295,6.157689,-3.350276,3.132661,0,0,0
prediction,none,-16.541940,6.453029,-3.238635,3.461400,0,0,0
update,radar,-16.541941,6.453030,-3.238635,3.461400,17.756052,2.769649,4.275152
prediction,none,-16.677330,6.568939,-3.104821,3.297900,0,0,0
prediction,none,-16.828965,6.795177,-3.085117,3.437529,0,0,0
update,radar,-16.828966,6.795177,-3.085117,3.437529,18.149065,2.757833,4.147758
prediction,none,-16.993274,6.989633,-3.126555,3.497967,0,0,0
prediction,none,-17.188894,7.275081,-3.171527,3.734151,0,0,0
update,radar,-17.188894,7.275081,-3.171527,3.734151,18.665071,2.741211,4.376158
prediction,none,-17.298051,7.471189,-2.906799,3.694535,0,0,0
prediction,none,-17.379707,7.787799,-2.762897,4.010330,0,0,0
update,radar,-17.379707,7.787799,-2.762897,4.010330,19.044790,2.720322,4.161242
prediction,none,-17.519154,7.965836,-2.783871,3.965274,0,0,0
prediction,none,-17.637380,8.118233,-2.757066,3.870204,0,0,0
update,radar,-17.637381,8.118233,-2.757066,3.870204,19.416048,2.710218,4.122705
prediction,none,-17.739401,8.337401,-2.588967,3.893792,0,0,0
prediction,none,-17.874728,8.596618,-2.583854,4.034754,0,0,0
update,radar,-17.874729,8.596619,-2.583854,4.034754,19.834511,2.693311,4.077283
prediction,none,-17.944783,8.758174,-2.307897,3.875630,0,0,0
prediction,none,-17.990858,9.098827,-2.145711,4.223406,0,0,0
update,radar,-17.990858,9.098827,-2.145711,4.223406,20.160845,2.673358,3.820833
prediction,none,-18.054313,9.319784,-1.874622,4.161023,0,0,0
prediction,none,-18.034546,9.694151,-1.625137,4.565673,0,0,0
update,radar,-18.034546,9.694151,-1.625137,4.565673,20.474897,2.648372,3.593128
prediction,none,-18.091083,9.935225,-1.490789,4.554832,0,0,0
prediction,none,-18.173843,10.171678,-1.503659,4.570811,0,0,0
update,radar,-18.173843,10.171678,-1.503659,4.570811,20.826704,2.631342,3.544491
prediction,none,-18.263339,10.350971,-1.469292,4.413452,0,0,0
prediction,none,-18.248187,10.656174,-1.282257,4.629018,0,0,0
update,radar,-18.248188,10.656174,-1.282257,4.629018,21.131739,2.613052,3.441576
prediction,none,-18.341243,10.891906,-1.428196,4.684128,0,0,0
prediction,none,-18.406694,11.072656,-1.431738,4.571524,0,0,0
update,radar,-18.406694,11.072657,-1.431738,4.571524,21.480459,2.600030,3.583372
prediction,none,-18.447926,11.278259,-1.213609,4.428082,0,0,0
prediction,none,-18.400309,11.728474,-0.946707,4.958238,0,0,0
update,radar,-18.400309,11.728474,-0.946707,4.958238,21.820368,2.574122,3.463382
prediction,none,-18.434562,11.966542,-0.835054,4.881987,0,0,0
prediction,none,-18.465213,12.221024,-0.811123,4.908271,0,0,0
update,radar,-18.465214,12.221025,-0.811123,4.908271,22.143116,2.556939,3.385325
prediction,none,-18.500090,12.458756,-0.821183,4.906963,0,0,0
prediction,none,-18.536033,12.744353,-0.799748,4.993811,0,0,0
update,radar,-18.536034,12.744353,-0.799748,4.993812,22.494511,2.539275,3.488276
prediction,none,-18.535095,12.993168,-0.573374,4.901822,0,0,0
prediction,none,-18.533422,13.302321,-0.496406,5.047827,0,0,0
update,radar,-18.533422,13.302320,-0.496406,5.047827,22.813143,2.519055,3.346664
prediction,none,-18.511161,13.487355,-0.172420,4.733557,0,0,0
prediction,none,-18.428588,13.828778,0.034553,4.987025,0,0,0
update,radar,-18.428587,13.828778,0.034553,4.987025,23.040136,2.497837,2.965595
prediction,none,-18.407691,14.095902,0.158022,4.968766,0,0,0
prediction,none,-18.358003,14.373509,0.247926,5.045304,0,0,0
update,radar,-18.358004,14.373509,0.247926,5.045303,23.315533,2.477331,2.915107
prediction,none,-18.310650,14.610372,0.495850,4.876341,0,0,0
prediction,none,-18.262286,14.829564,0.534287,4.834961,0,0,0
update,radar,-18.262285,14.829564,0.534287,4.834960,23.525030,2.459558,2.633070
prediction,none,-18.188114,15.050240,0.846682,4.619264,0,0,0
prediction,none,-18.075705,15.356401,1.007833,4.799806,0,0,0
update,radar,-18.075705,15.356401,1.007833,4.799807,23.718140,2.437354,2.339579
prediction,none,-18.012813,15.612695,1.024387,4.850452,0,0,0
prediction,none,-17.932074,15.863314,1.085362,4.878251,0,0,0
update,radar,-17.932074,15.863314,1.085362,4.878251,23.941679,2.417332,2.419313
prediction,none,-17.857828,16.070933,1.152881,4.775776,0,0,0
prediction,none,-17.761523,16.316481,1.232074,4.804232,0,0,0
update,radar,-17.761522,16.316481,1.232074,4.804232,24.118441,2.398573,2.342798
prediction,none,-17.736987,16.552335,1.109255,4.825314,0,0,0
prediction,none,-17.552085,16.847811,1.386123,4.983013,0,0,0
update,radar,-17.552086,16.847811,1.386123,4.983013,24.329496,2.376665,2.450668
prediction,none,-17.401031,17.003149,1.828230,4.518372,0,0,0
prediction,none,-17.280481,17.263798,1.898271,4.598230,0,0,0
update,radar,-17.280481,17.263798,1.898271,4.598230,24.426497,2.356678,1.906941
prediction,none,-17.128816,17.429897,2.268054,4.206165,0,0,0
prediction,none,-16.953696,17.740019,2.425854,4.425687,0,0,0
update,radar,-16.953695,17.740019,2.425853,4.425686,24.538462,2.333534,1.523509
prediction,none,-16.794008,17.913009,2.613296,4.208649,0,0,0
prediction,none,-16.661895,18.136790,2.620595,4.235244,0,0,0
update,radar,-16.661896,18.136789,2.620595,4.235244,24.628477,2.313836,1.345988
prediction,none,-16.502128,18.322603,2.744895,4.111838,0,0,0
prediction,none,-16.340615,18.464616,2.774233,3.997455,0,0,0
update,radar,-16.340614,18.464617,2.774233,3.997455,24.656799,2.295245,1.155008
prediction,none,-16.202290,18.649435,2.796683,3.934530,0,0,0
prediction,none,-16.009588,18.886326,2.919354,4.030868,0,0,0
update,radar,-16.009588,18.886326,2.919354,4.030868,24.758842,2.273943,1.187076
prediction,none,-15.820300,19.050923,3.146552,3.792291,0,0,0
prediction,none,-15.596627,19.325223,3.312543,3.977620,0,0,0
update,radar,-15.596627,19.325222,3.312543,3.977620,24.833828,2.249828,1.014901
prediction,none,-15.403373,19.472186,3.516767,3.676323,0,0,0
prediction,none,-15.213398,19.697531,3.559955,3.759959,0,0,0
update,radar,-15.213398,19.697531,3.559955,3.759959,24.888556,2.228449,0.799681
prediction,none,-14.998514,19.829173,3.793703,3.430172,0,0,0
prediction,none,-14.756963,20.063510,3.923736,3.565861,0,0,0
update,radar,-14.756963,20.063509,3.923736,3.565861,24.906071,2.204961,0.547708
prediction,none,-14.577283,20.190255,3.988166,3.296023,0,0,0
prediction,none,-14.460034,20.304626,3.796923,3.175020,0,0,0
update,radar,-14.460034,20.304626,3.796923,3.175020,24.927303,2.189633,0.383674
prediction,none,-14.266950,20.425498,3.830754,3.047304,0,0,0
prediction,none,-13.992983,20.625111,4.022166,3.161519,0,0,0
update,radar,-13.992983,20.625111,4.022166,3.161519,24.923861,2.166908,0.358073
prediction,none,-13.758571,20.724416,4.210389,2.854329,0,0,0
prediction,none,-13.571512,20.871840,4.161433,2.855691,0,0,0
update,radar,-13.571512,20.871840,4.161433,2.855691,24.896177,2.147334,0.125585
prediction,none,-13.338596,20.962631,4.324735,2.564843,0,0,0
prediction,none,-13.074442,21.109113,4.434076,2.612776,0,0,0
update,radar,-13.074442,21.109114,4.434076,2.612776,24.830137,2.125340,-0.113559
prediction,none,-12.811223,21.209502,4.591758,2.441175,0,0,0
prediction,none,-12.527732,21.378941,4.723747,2.543131,0,0,0
update,radar,-12.527732,21.378941,4.723747,2.543131,24.779087,2.100847,-0.194050
prediction,none,-12.287174,21.483471,4.768998,2.426550,0,0,0
prediction,none,-11.996693,21.632079,4.891273,2.490306,0,0,0
update,radar,-11.996693,21.632078,4.891273,2.490306,24.735954,2.077148,-0.194397
prediction,none,-11.707673,21.691318,5.096920,2.144070,0,0,0
prediction,none,-11.551318,21.784337,4.875588,2.092555,0,0,0
update,radar,-11.551318,21.784338,4.875588,2.092555,24.657461,2.058356,-0.435347
prediction,none,-11.285778,21.849097,4.992870,1.866984,0,0,0
prediction,none,-11.016066,21.887650,5.021085,1.774532,0,0,0
update,radar,-11.016066,21.887650,5.021085,1.774532,24.503529,2.037081,-0.672241
prediction,none,-10.770607,21.945014,5.054319,1.601660,0,0,0
prediction,none,-10.571541,21.946914,4.912284,1.450154,0,0,0
update,radar,-10.571541,21.946915,4.912283,1.450154,24.360308,2.019686,-0.825277
prediction,none,-10.293795,21.969979,5.083967,1.122736,0,0,0
prediction,none,-10.010217,22.017589,5.147045,1.114645,0,0,0
update,radar,-10.010217,22.017590,5.147045,1.114645,24.186333,1.997507,-1.115557
prediction,none,-9.732718,22.010162,5.248086,0.837342,0,0,0
prediction,none,-9.489595,22.039402,5.201325,0.810932,0,0,0
update,radar,-9.489595,22.039402,5.201324,0.810932,23.995575,1.977379,-1.312159
prediction,none,-9.214458,22.024938,5.304421,0.511721,0,0,0
prediction,none,-9.016682,22.063647,5.156235,0.520403,0,0,0
update,radar,-9.016683,22.063646,5.156235,0.520403,23.834953,1.958752,-1.468857
prediction,none,-8.745755,22.033683,5.249246,0.223516,0,0,0
prediction,none,-8.439146,22.069767,5.355657,0.275505,0,0,0
update,radar,-8.439146,22.069767,5.355657,0.275505,23.628242,1.936026,-1.655513
prediction,none,-8.161997,22.027485,5.478827,-0.142026,0,0,0
prediction,none,-7.856124,22.047710,5.558388,-0.089020,0,0,0
update,radar,-7.856124,22.047710,5.558388,-0.089020,23.405560,1.913094,-1.949539
prediction,none,-7.554300,22.035135,5.653988,-0.225065,0,0,0
prediction,none,-7.351130,22.027109,5.473466,-0.232869,0,0,0
update,radar,-7.351130,22.027109,5.473466,-0.232869,23.221384,1.892905,-1.953613
prediction,none,-7.075146,21.951821,5.556005,-0.637481,0,0,0
prediction,none,-6.878236,21.914213,5.369510,-0.659744,0,0,0
update,radar,-6.878236,21.914213,5.369510,-0.659745,22.968302,1.874930,-2.237455
prediction,none,-6.592462,21.854243,5.439977,-0.827376,0,0,0
prediction,none,-6.481505,21.779606,5.062635,-0.907079,0,0,0
update,radar,-6.481505,21.779606,5.062635,-0.907079,22.723581,1.860045,-2.313426
prediction,none,-6.261879,21.735822,4.979532,-0.890114,0,0,0
prediction,none,-6.129854,21.680088,4.708107,-0.925192,0,0,0
update,radar,-6.129854,21.680088,4.708107,-0.925192,22.530010,1.846345,-2.171248
prediction,none,-5.875570,21.607608,4.747249,-0.971470,0,0,0
prediction,none,-5.626045,21.578243,4.779579,-0.937387,0,0,0
update,radar,-5.626045,21.578243,4.779579,-0.937387,22.299618,1.825846,-2.112919
prediction,none,-5.388708,21.471824,4.841836,-1.360172,0,0,0
prediction,none,-5.074751,21.436486,5.014808,-1.296630,0,0,0
update,radar,-5.074751,21.436487,5.014808,-1.296630,22.028982,1.803251,-2.417002
prediction,none,-4.769733,21.351293,5.164482,-1.444426,0,0,0
prediction,none,-4.551886,21.305576,5.076236,-1.403932,0,0,0
update,radar,-4.551886,21.305576,5.076237,-1.403932,21.786400,1.781280,-2.433538
prediction,none,-4.320170,21.216400,5.016464,-1.417649,0,0,0
prediction,none,-3.995423,21.240283,5.206124,-1.253211,0,0,0
update,radar,-3.995423,21.240284,5.206124,-1.253211,21.612799,1.756729,-2.194034
prediction,none,-3.709213,21.152497,5.287334,-1.436187,0,0,0
prediction,none,-3.641647,21.015793,4.816990,-1.556048,0,0,0
update,radar,-3.641647,21.015793,4.816990,-1.556048,21.328974,1.742374,-2.355639
prediction,none,-3.395251,20.845129,4.873760,-2.084012,0,0,0
prediction,none,-3.149292,20.683993,4.869700,-2.178518,0,0,0
update,radar,-3.149292,20.683992,4.869700,-2.178518,20.922371,1.721893,-2.886698
prediction,none,-2.931003,20.562606,4.813402,-2.240216,0,0,0
prediction,none,-2.657578,20.445680,4.889318,-2.247104,0,0,0
update,radar,-2.657578,20.445681,4.889318,-2.247104,20.617676,1.700054,-2.858582
prediction,none,-2.365972,20.328637,4.999441,-2.242716,0,0,0
prediction,none,-2.236785,20.181246,4.711122,-2.303652,0,0,0
update,radar,-2.236785,20.181246,4.711122,-2.303652,20.304825,1.681181,-2.808609
prediction,none,-1.994613,20.018902,4.741755,-2.601269,0,0,0
prediction,none,-1.831117,19.821605,4.560037,-2.712914,0,0,0
update,radar,-1.831117,19.821606,4.560037,-2.712914,19.906006,1.662915,-3.120881
prediction,none,-1.612722,19.631627,4.542630,-2.957617,0,0,0
prediction,none,-1.405220,19.466393,4.494351,-2.986162,0,0,0
update,radar,-1.405220,19.466393,4.494351,-2.986162,19.517046,1.642858,-3.302003
prediction,none,-1.158457,19.265089,4.551934,-3.255310,0,0,0
prediction,none,-1.019486,19.114360,4.344506,-3.233796,0,0,0
update,radar,-1.019486,19.114361,4.344506,-3.233796,19.141529,1.624082,-3.460596
prediction,none,-0.803882,18.919383,4.340990,-3.379179,0,0,0
prediction,none,-0.713346,18.744280,4.042071,-3.385191,0,0,0
update,radar,-0.713346,18.744280,4.042071,-3.385191,18.757849,1.608835,-3.536459
prediction,none,-0.492894,18.584861,4.085268,-3.311201,0,0,0
prediction,none,-0.360864,18.457508,3.918163,-3.245330,0,0,0
update,radar,-0.360864,18.457508,3.918163,-3.245330,18.461035,1.590345,-3.321299
prediction,none,-0.174742,18.256047,3.892782,-3.441497,0,0,0
prediction,none,-0.113617,18.081858,3.577260,-3.437868,0,0,0
update,radar,-0.113617,18.081858,3.577260,-3.437868,18.082214,1.577080,-3.460277
prediction,none,0.047718,17.875463,3.532386,-3.672390,0,0,0
prediction,none,0.243186,17.705009,3.577830,-3.651838,0,0,0
update,radar,0.243186,17.705009,3.577830,-3.651838,17.706678,1.557062,-3.602356
prediction,none,0.449125,17.533804,3.645673,-3.534571,0,0,0
prediction,none,0.647002,17.365056,3.682977,-3.522595,0,0,0
update,radar,0.647002,17.365055,3.682977,-3.522595,17.377104,1.533555,-3.383024
prediction,none,0.885459,17.214302,3.814483,-3.477500,0,0,0
prediction,none,0.932093,17.026915,3.473240,-3.485916,0,0,0
update,radar,0.932093,17.026915,3.473240,-3.485916,17.052408,1.516109,-3.290856
prediction,none,1.090493,16.819690,3.426118,-3.687958,0,0,0
prediction,none,1.150466,16.649131,3.163068,-3.652951,0,0,0
update,radar,1.150466,16.649130,3.163068,-3.652951,16.688831,1.501805,-3.426211
prediction,none,1.308734,16.422940,3.144288,-3.959941,0,0,0
prediction,none,1.378407,16.206827,2.936944,-3.979645,0,0,0
update,radar,1.378407,16.206827,2.936944,-3.979645,16.265339,1.485950,-3.716438
prediction,none,1.522332,15.994556,2.923763,-4.066484,0,0,0
prediction,none,1.794431,15.770290,3.221702,-4.116884,0,0,0
update,radar,1.794431,15.770289,3.221702,-4.116884,15.872051,1.457498,-3.726256
prediction,none,1.901935,15.567150,3.092540,-4.110968,0,0,0
prediction,none,1.851329,15.380042,2.607177,-4.049326,0,0,0
update,radar,1.851329,15.380042,2.607177,-4.049326,15.491066,1.451000,-3.708723
prediction,none,2.016158,15.189262,2.686362,-4.058578,0,0,0
prediction,none,2.150699,14.978963,2.687079,-4.070845,0,0,0
update,radar,2.150699,14.978963,2.687079,-4.070845,15.132575,1.428190,-3.647624
prediction,none,2.285600,14.739041,2.660667,-4.320704,0,0,0
prediction,none,2.471336,14.495333,2.786339,-4.375569,0,0,0
update,radar,2.471336,14.495333,2.786339,-4.375569,14.704494,1.401928,-3.845039
prediction,none,2.586036,14.254962,2.719740,-4.456669,0,0,0
prediction,none,2.771031,14.064251,2.833365,-4.412467,0,0,0
update,radar,2.771030,14.064251,2.833365,-4.412467,14.334635,1.376261,-3.781520
prediction,none,2.925527,13.813320,2.835829,-4.610722,0,0,0
prediction,none,3.017792,13.591824,2.718569,-4.584914,0,0,0
update,radar,3.017792,13.591825,2.718570,-4.584914,13.922814,1.352311,-3.886662
prediction,none,3.131355,13.344448,2.661930,-4.632651,0,0,0
prediction,none,3.122426,13.148492,2.324950,-4.539315,0,0,0
update,radar,3.122426,13.148492,2.324950,-4.539315,13.514155,1.337641,-3.879315
prediction,none,3.207007,12.960734,2.268625,-4.372153,0,0,0
prediction,none,3.355038,12.763022,2.347620,-4.345153,0,0,0
update,radar,3.355038,12.763021,2.347620,-4.345153,13.196628,1.313740,-3.605537
prediction,none,3.495943,12.536638,2.426156,-4.288836,0,0,0
prediction,none,3.504489,12.416860,2.150414,-4.099381,0,0,0
update,radar,3.504489,12.416860,2.150414,-4.099381,12.901932,1.295715,-3.361151
prediction,none,3.631481,12.190696,2.171536,-4.235440,0,0,0
prediction,none,3.765426,11.971659,2.231881,-4.254531,0,0,0
update,radar,3.765426,11.971659,2.231881,-4.254530,12.549863,1.266065,-3.388866
prediction,none,3.843003,11.757357,2.143498,-4.272973,0,0,0
prediction,none,3.993873,11.534366,2.246744,-4.301492,0,0,0
update,radar,3.993873,11.534366,2.246744,-4.301492,12.206253,1.237458,-3.329586
prediction,none,4.072684,11.306240,2.115888,-4.464017,0,0,0
prediction,none,4.188035,11.038454,2.145909,-4.544128,0,0,0
update,radar,4.188035,11.038454,2.145910,-4.544128,11.806231,1.208170,-3.487396
prediction,none,4.329074,10.829246,2.232495,-4.494815,0,0,0
prediction,none,4.346966,10.673924,2.002692,-4.342876,0,0,0
update,radar,4.346966,10.673924,2.002692,-4.342876,11.525137,1.184055,-3.266764
prediction,none,4.414724,10.452039,1.894466,-4.420212,0,0,0
prediction,none,4.508058,10.238878,1.889587,-4.405906,0,0,0
update,radar,4.508058,10.238878,1.889587,-4.405906,11.187368,1.156048,-3.270936
prediction,none,4.621900,10.004206,1.922956,-4.470522,0,0,0
prediction,none,4.666962,9.791856,1.803650,-4.432610,0,0,0
update,radar,4.666962,9.791856,1.803650,-4.432610,10.847164,1.126030,-3.225351
prediction,none,4.761595,9.561113,1.766459,-4.550537,0,0,0
prediction,none,4.795600,9.378269,1.631873,-4.450187,0,0,0
update,radar,4.795600,9.378268,1.631873,-4.450188,10.533266,1.098108,-3.219253
prediction,none,4.830086,9.227488,1.524567,-4.264153,0,0,0
prediction,none,4.860287,8.982190,1.429420,-4.305156,0,0,0
update,radar,4.860287,8.982190,1.429420,-4.305156,10.212841,1.074810,-3.106122
prediction,none,4.961390,8.723295,1.484898,-4.440668,0,0,0
prediction,none,5.087074,8.456353,1.613288,-4.543103,0,0,0
update,radar,5.087074,8.456353,1.613288,-4.543103,9.868547,1.029224,-3.061359
prediction,none,5.223550,8.227831,1.803049,-4.466784,0,0,0
prediction,none,5.323282,7.963753,1.837092,-4.546833,0,0,0
update,radar,5.323282,7.963753,1.837092,-4.546833,9.579076,0.981568,-2.759191
prediction,none,5.453556,7.714179,1.952062,-4.573552,0,0,0
prediction,none,5.514385,7.488051,1.871197,-4.553121,0,0,0
update,radar,5.514385,7.488051,1.871197,-4.553121,9.299428,0.936040,-2.556662
prediction,none,5.643281,7.238987,1.963178,-4.600764,0,0,0
prediction,none,5.651836,7.029922,1.763833,-4.521220,0,0,0
update,radar,5.651836,7.029922,1.763833,-4.521220,9.020147,0.893640,-2.418467
prediction,none,5.761504,6.831685,1.913468,-4.340129,0,0,0
prediction,none,5.890755,6.592107,1.993109,-4.399601,0,0,0
update,radar,5.890755,6.592107,1.993109,-4.399601,8.840637,0.841524,-1.952542
prediction,none,5.911835,6.373168,1.698753,-4.499441,0,0,0
prediction,none,5.939912,6.164685,1.574600,-4.441735,0,0,0
update,radar,5.939912,6.164685,1.574600,-4.441735,8.560718,0.803965,-2.106004
prediction,none,6.017063,5.900486,1.567722,-4.550707,0,0,0
prediction,none,6.071892,5.690576,1.512169,-4.504221,0,0,0
update,radar,6.071892,5.690577,1.512169,-4.504220,8.321691,0.752992,-1.976748
prediction,none,6.110467,5.444029,1.330536,-4.636825,0,0,0
prediction,none,6.148831,5.240687,1.261574,-4.564714,0,0,0
update,radar,6.148831,5.240687,1.261575,-4.564714,8.079166,0.705831,-2.000829
prediction,none,6.230826,5.007994,1.336376,-4.553735,0,0,0
prediction,none,6.328039,4.749620,1.409956,-4.632276,0,0,0
update,radar,6.328039,4.749620,1.409956,-4.632276,7.912204,0.643864,-1.653053
prediction,none,6.369180,4.569161,1.300165,-4.526517,0,0,0
prediction,none,6.538523,4.230098,1.552006,-4.815785,0,0,0
update,radar,6.538523,4.230098,1.552006,-4.815785,7.787555,0.574228,-1.312790
prediction,none,6.642956,3.998063,1.718152,-4.733405,0,0,0
prediction,none,6.780098,3.702641,1.840718,-4.884612,0,0,0
update,radar,6.780097,3.702641,1.840718,-4.884612,7.725236,0.499847,-0.725637
prediction,none,6.900925,3.465028,1.980337,-4.831767,0,0,0
prediction,none,6.909496,3.315869,1.775231,-4.591001,0,0,0
update,radar,6.909496,3.315869,1.775231,-4.591001,7.663949,0.447439,-0.385859
prediction,none,6.983396,3.106295,1.755150,-4.532806,0,0,0
prediction,none,7.077443,2.959306,1.729730,-4.335939,0,0,0
update,radar,7.077443,2.959306,1.729730,-4.335939,7.671225,0.396039,-0.076820
prediction,none,7.168442,2.828194,1.846821,-4.067947,0,0,0
prediction,none,7.278100,2.607822,1.883934,-4.111595,0,0,0
update,radar,7.278100,2.607822,1.883934,-4.111595,7.731202,0.344059,0.386635
prediction,none,7.380509,2.383207,1.810665,-4.188656,0,0,0
prediction,none,7.463398,2.170683,1.798866,-4.196608,0,0,0
update,radar,7.463398,2.170683,1.798866,-4.196609,7.772656,0.283036,0.555299
prediction,none,7.550160,1.893397,1.741566,-4.388312,0,0,0
prediction,none,7.655965,1.627289,1.789865,-4.507066,0,0,0
update,radar,7.655965,1.627289,1.789865,-4.507066,7.826996,0.209435,0.813702
prediction,none,7.794393,1.414714,2.020491,-4.445928,0,0,0
prediction,none,7.962853,1.038354,2.181223,-4.835533,0,0,0
update,radar,7.962853,1.038354,2.181223,-4.835533,8.030268,0.129668,1.537653
prediction,none,8.065773,0.861025,2.157592,-4.667497,0,0,0
prediction,none,8.114325,0.647825,2.054416,-4.628662,0,0,0
update,radar,8.114325,0.647825,2.054416,-4.628662,8.140143,0.079668,1.679533
prediction,none,8.231893,0.434701,2.179165,-4.574310,0,0,0
prediction,none,8.353563,0.247216,2.191642,-4.463328,0,0,0
update,radar,8.353563,0.247216,2.191642,-4.463328,8.357221,0.029585,2.058652
prediction,none,8.486058,0.048347,2.220968,-4.392638,0,0,0
prediction,none,8.584276,-0.078366,2.185516,-4.156820,0,0,0
update,radar,8.584275,-0.078366,2.185515,-4.156820,8.584633,-0.009129,2.223370
prediction,none,8.792105,-0.273436,2.695524,-4.111742,0,0,0
prediction,none,8.953536,-0.432744,2.734687,-3.983933,0,0,0
update,radar,8.953536,-0.432744,2.734688,-3.983933,8.963988,-0.048295,2.923827
prediction,none,9.101825,-0.533040,2.842175,-3.735786,0,0,0
prediction,none,9.257756,-0.748795,2.866968,-3.804003,0,0,0
update,radar,9.257755,-0.748795,2.866968,-3.804003,9.287988,-0.080707,3.164314
prediction,none,9.411736,-0.990352,2.910442,-3.933426,0,0,0
prediction,none,9.512557,-1.309637,2.839242,-4.256104,0,0,0
update,radar,9.512557,-1.309637,2.839242,-4.256104,9.602285,-0.136814,3.393192
prediction,none,9.683834,-1.572421,3.060578,-4.402794,0,0,0
prediction,none,9.866772,-1.794250,3.110886,-4.395557,0,0,0
update,radar,9.866772,-1.794250,3.110886,-4.395557,10.028585,-0.179882,3.847116
prediction,none,9.978357,-1.955431,2.850227,-4.224585,0,0,0
prediction,none,10.074830,-2.117489,2.774573,-4.122977,0,0,0
update,radar,10.074830,-2.117489,2.774573,-4.122977,10.294949,-0.207161,3.563273
prediction,none,10.259492,-2.329068,3.088703,-4.177168,0,0,0
prediction,none,10.404323,-2.531806,3.072800,-4.166280,0,0,0
update,radar,10.404323,-2.531806,3.072800,-4.166280,10.707940,-0.238702,3.970756
prediction,none,10.499308,-2.683334,2.810168,-4.004843,0,0,0
prediction,none,10.647572,-2.954258,2.815654,-4.170412,0,0,0
update,radar,10.647573,-2.954258,2.815654,-4.170412,11.049817,-0.270650,3.828150
prediction,none,10.773540,-3.141839,2.718659,-4.102695,0,0,0
prediction,none,10.885430,-3.306697,2.682463,-4.017334,0,0,0
update,radar,10.885430,-3.306697,2.682463,-4.017334,11.376592,-0.294914,3.734323
prediction,none,11.102296,-3.501176,3.159412,-4.081395,0,0,0
prediction,none,11.272098,-3.665588,3.186222,-3.983743,0,0,0
update,radar,11.272098,-3.665588,3.186223,-3.983743,11.853131,-0.314405,4.262011
prediction,none,11.455943,-3.843049,3.347600,-3.963798,0,0,0
prediction,none,11.647921,-4.053357,3.388474,-3.982117,0,0,0
update,radar,11.647921,-4.053357,3.388474,-3.982117,12.333035,-0.334883,4.508997
prediction,none,11.825040,-4.264808,3.399027,-4.007679,0,0,0
prediction,none,12.010765,-4.449731,3.429653,-3.965831,0,0,0
update,radar,12.010765,-4.449731,3.429653,-3.965831,12.808536,-0.354801,4.593783
prediction,none,12.214435,-4.654335,3.531548,-3.986405,0,0,0
prediction,none,12.421683,-4.765598,3.603622,-3.772877,0,0,0
update,radar,12.421683,-4.765598,3.603622,-3.772877,13.304479,-0.366334,4.715935
prediction,none,12.635407,-4.934616,3.812597,-3.774271,0,0,0
prediction,none,12.850783,-4.998951,3.883156,-3.481596,0,0,0
update,radar,12.850782,-4.998951,3.883156,-3.481596,13.788840,-0.370988,4.881188
prediction,none,13.041042,-5.158038,3.810322,-3.419949,0,0,0
prediction,none,13.248406,-5.319876,3.842072,-3.393025,0,0,0
update,radar,13.248405,-5.319876,3.842072,-3.393025,14.276601,-0.381840,4.829707
prediction,none,13.408445,-5.481104,3.783754,-3.383897,0,0,0
prediction,none,13.567873,-5.670866,3.726501,-3.440930,0,0,0
update,radar,13.567873,-5.670866,3.726501,-3.440930,14.705301,-0.395895,4.765202
prediction,none,13.832627,-5.823376,4.139970,-3.486823,0,0,0
prediction,none,14.023053,-5.950561,4.121812,-3.386114,0,0,0
update,radar,14.023053,-5.950561,4.121812,-3.386114,15.233358,-0.401313,5.117038
prediction,none,14.264395,-6.112921,4.259094,-3.390126,0,0,0
prediction,none,14.517908,-6.211203,4.348316,-3.216112,0,0,0
update,radar,14.517908,-6.211203,4.348316,-3.216112,15.790779,-0.404266,5.262843
prediction,none,14.734014,-6.370796,4.336081,-3.209277,0,0,0
prediction,none,14.987004,-6.406110,4.431168,-2.916077,0,0,0
update,radar,14.987004,-6.406110,4.431168,-2.916077,16.298727,-0.403939,5.220693
prediction,none,15.204764,-6.540514,4.470782,-2.910464,0,0,0
prediction,none,15.381065,-6.587081,4.412052,-2.703037,0,0,0
update,radar,15.381064,-6.587081,4.412052,-2.703037,16.732208,-0.404628,5.119897
prediction,none,15.613714,-6.714477,4.414634,-2.672409,0,0,0
prediction,none,15.853145,-6.789662,4.462383,-2.535353,0,0,0
update,radar,15.853145,-6.789662,4.462383,-2.535353,17.245918,-0.404650,5.100163
prediction,none,16.104802,-6.922014,4.663389,-2.605471,0,0,0
prediction,none,16.359321,-7.063098,4.698284,-2.623478,0,0,0
update,radar,16.359322,-7.063098,4.698284,-2.623478,17.818945,-0.407572,5.353326
prediction,none,16.527374,-7.162750,4.406250,-2.492046,0,0,0
prediction,none,16.773683,-7.249483,4.461739,-2.399448,0,0,0
update,radar,16.773684,-7.249483,4.461739,-2.399448,18.273243,-0.407948,5.047520
prediction,none,16.983883,-7.374783,4.452750,-2.422040,0,0,0
prediction,none,17.241832,-7.389074,4.542299,-2.172092,0,0,0
update,radar,17.241831,-7.389074,4.542299,-2.172091,18.758442,-0.404878,5.030658
prediction,none,17.448466,-7.468928,4.459165,-2.089054,0,0,0
prediction,none,17.750389,-7.368763,4.650532,-1.607440,0,0,0
update,radar,17.750389,-7.368762,4.650532,-1.607440,19.219131,-0.393483,4.911439
prediction,none,18.045774,-7.416722,4.947555,-1.589534,0,0,0
prediction,none,18.325615,-7.379413,5.034183,-1.317923,0,0,0
update,radar,18.325615,-7.379414,5.034183,-1.317923,19.755604,-0.382817,5.162080
prediction,none,18.541884,-7.386296,4.847418,-1.136363,0,0,0
prediction,none,18.794654,-7.395914,4.877450,-1.027118,0,0,0
update,radar,18.794653,-7.395914,4.877450,-1.027118,20.197489,-0.374900,4.914793
prediction,none,19.081392,-7.441536,4.992050,-1.018284,0,0,0
prediction,none,19.312941,-7.446194,4.972280,-0.917555,0,0,0
update,radar,19.312941,-7.446194,4.972280,-0.917555,20.698683,-0.367992,4.969478
prediction,none,19.526677,-7.513322,4.833276,-0.946903,0,0,0
prediction,none,19.894796,-7.396561,5.092474,-0.546559,0,0,0
update,radar,19.894796,-7.396561,5.092474,-0.546559,21.225269,-0.355948,4.963725
prediction,none,20.164303,-7.418919,5.146152,-0.541481,0,0,0
prediction,none,20.469999,-7.363167,5.249641,-0.342955,0,0,0
update,radar,20.469999,-7.363167,5.249640,-0.342955,21.754013,-0.345295,5.055866
prediction,none,20.737013,-7.402510,5.342878,-0.425095,0,0,0
prediction,none,20.941037,-7.433631,5.232115,-0.459576,0,0,0
update,radar,20.941036,-7.433631,5.232115,-0.459576,22.221294,-0.341104,5.084413
prediction,none,21.157627,-7.425749,4.957071,-0.326044,0,0,0
prediction,none,21.442247,-7.293434,5.054904,0.020496,0,0,0
update,radar,21.442247,-7.293434,5.054904,0.020496,22.648710,-0.327867,4.779037
prediction,none,21.701452,-7.282365,5.070583,0.044290,0,0,0
prediction,none,21.907227,-7.386448,4.964513,-0.207411,0,0,0
update,radar,21.907227,-7.386448,4.964513,-0.207411,23.118958,-0.325199,4.770576
prediction,none,22.103387,-7.356668,4.576691,-0.022755,0,0,0
prediction,none,22.456178,-7.106021,4.845335,0.575103,0,0,0
update,radar,22.456179,-7.106021,4.845335,0.575103,23.553673,-0.306470,4.446059
prediction,none,22.624912,-7.074696,4.459372,0.647275,0,0,0
prediction,none,22.825698,-6.940382,4.443963,0.878233,0,0,0
update,radar,22.825699,-6.940382,4.443963,0.878233,23.857523,-0.295177,3.996278
prediction,none,23.083576,-6.933254,4.669343,0.747843,0,0,0
prediction,none,23.304279,-6.936466,4.639016,0.652519,0,0,0
update,radar,23.304279,-6.936466,4.639017,0.652519,24.314686,-0.289297,4.260090
prediction,none,23.479522,-6.905985,4.408663,0.677338,0,0,0
prediction,none,23.735608,-6.763460,4.491666,0.932680,0,0,0
update,radar,23.735609,-6.763460,4.491666,0.932680,24.680428,-0.277593,4.064123
prediction,none,23.990272,-6.732273,4.614379,0.880362,0,0,0
prediction,none,24.224764,-6.565444,4.645581,1.164528,0,0,0
update,radar,24.224764,-6.565444,4.645581,1.164528,25.098690,-0.264664,4.179201
prediction,none,24.418139,-6.486222,4.396741,1.256705,0,0,0
prediction,none,24.705136,-6.252209,4.543577,1.660315,0,0,0
update,radar,24.705135,-6.252209,4.543577,1.660315,25.483990,-0.247869,3.997374
prediction,none,24.956133,-6.167557,4.677020,1.644912,0,0,0
prediction,none,25.204903,-6.000767,4.718043,1.842443,0,0,0
update,radar,25.204903,-6.000767,4.718043,1.842443,25.909388,-0.233728,4.163037
prediction,none,25.388552,-5.886921,4.411849,1.937703,0,0,0
prediction,none,25.649940,-5.681384,4.499816,2.193549,0,0,0
update,radar,25.649940,-5.681384,4.499815,2.193549,26.271612,-0.217978,3.918968
prediction,none,25.802577,-5.567833,4.158442,2.241780,0,0,0
prediction,none,25.993322,-5.239644,4.166989,2.744105,0,0,0
update,radar,25.993322,-5.239644,4.166989,2.744105,26.516159,-0.198911,3.542586
prediction,none,26.170735,-5.097041,4.004167,2.775303,0,0,0
prediction,none,26.366685,-4.984838,3.992743,2.713094,0,0,0
update,radar,26.366686,-4.984838,3.992743,2.713094,26.833761,-0.186853,3.419240
prediction,none,26.544523,-4.803573,3.807047,2.846865,0,0,0
prediction,none,26.774731,-4.487164,3.900100,3.255069,0,0,0
update,radar,26.774731,-4.487164,3.900100,3.255069,27.148129,-0.166046,3.308446
prediction,none,26.979759,-4.321540,3.944766,3.258140,0,0,0
prediction,none,27.132930,-4.196236,3.866307,3.169611,0,0,0
update,radar,27.132931,-4.196237,3.866307,3.169611,27.455498,-0.153439,3.336446
prediction,none,27.333663,-4.027972,3.941645,3.184706,0,0,0
prediction,none,27.583454,-3.774741,4.041533,3.404924,0,0,0
update,radar,27.583454,-3.774741,4.041533,3.404924,27.840538,-0.136003,3.542558
prediction,none,27.701823,-3.587979,3.467364,3.494738,0,0,0
prediction,none,27.897967,-3.367357,3.510721,3.602013,0,0,0
update,radar,27.897966,-3.367357,3.510721,3.602013,28.100456,-0.120121,3.053784
prediction,none,28.026416,-3.161772,3.180711,3.688695,0,0,0
prediction,none,28.164114,-2.875001,3.157122,3.929746,0,0,0
update,radar,28.164114,-2.875001,3.157122,3.929746,28.310474,-0.101728,2.741724
prediction,none,28.284700,-2.666320,2.960076,3.970874,0,0,0
prediction,none,28.396201,-2.389441,2.907924,4.156737,0,0,0
update,radar,28.396200,-2.389441,2.907924,4.156737,28.496553,-0.083949,2.549141
prediction,none,28.473145,-2.175365,2.506569,4.192608,0,0,0
prediction,none,28.620301,-1.966694,2.542480,4.188946,0,0,0
update,radar,28.620300,-1.966694,2.542480,4.188946,28.687792,-0.068609,2.249325
prediction,none,28.747650,-1.760263,2.528663,4.182366,0,0,0
prediction,none,28.890547,-1.516049,2.558666,4.263609,0,0,0
update,radar,28.890547,-1.516049,2.558666,4.263609,28.930298,-0.052428,2.331722
prediction,none,28.976347,-1.306904,2.423876,4.259256,0,0,0
prediction,none,29.105411,-0.971719,2.445455,4.545912,0,0,0
update,radar,29.105412,-0.971719,2.445455,4.545912,29.121628,-0.033374,2.292407
prediction,none,29.160884,-0.733505,2.175227,4.579701,0,0,0
prediction,none,29.246757,-0.462791,2.139932,4.680205,0,0,0
update,radar,29.246758,-0.462791,2.139932,4.680205,29.250418,-0.015822,2.065615
prediction,none,29.259712,-0.214889,1.627440,4.720566,0,0,0
prediction,none,29.307513,-0.050252,1.568641,4.556841,0,0,0
update,radar,29.307514,-0.050252,1.568641,4.556841,29.307556,-0.001715,1.560825
prediction,none,29.351543,0.202988,1.257042,4.615997,0,0,0
prediction,none,29.406117,0.525093,1.246695,4.831483,0,0,0
update,radar,29.406116,0.525093,1.246695,4.831483,29.410803,0.017855,1.332756
prediction,none,29.434266,0.776530,1.082704,4.855001,0,0,0
prediction,none,29.506297,0.941989,1.110363,4.671056,0,0,0
update,radar,29.506296,0.941989,1.110363,4.671056,29.521328,0.031914,1.258845
prediction,none,29.501644,1.200263,0.750849,4.724312,0,0,0
prediction,none,29.555732,1.541181,0.779691,4.967183,0,0,0
update,radar,29.555733,1.541181,0.779691,4.967183,29.595888,0.052098,1.037295
prediction,none,29.573309,1.799463,0.564746,4.980294,0,0,0
prediction,none,29.576038,2.077210,0.522508,5.051872,0,0,0
update,radar,29.576038,2.077210,0.522508,5.051872,29.648893,0.070118,0.875160
prediction,none,29.539955,2.317868,0.120177,5.005920,0,0,0
prediction,none,29.526583,2.711241,0.086601,5.344016,0,0,0
update,radar,29.526583,2.711241,0.086601,5.344016,29.650799,0.091567,0.574890
prediction,none,29.485260,2.968190,-0.183896,5.305460,0,0,0
prediction,none,29.519975,3.337609,-0.112996,5.539818,0,0,0
update,radar,29.519976,3.337609,-0.112996,5.539818,29.708055,0.112585,0.510101
prediction,none,29.463877,3.614051,-0.303526,5.534258,0,0,0
prediction,none,29.470450,3.778902,-0.263276,5.268910,0,0,0
update,radar,29.470449,3.778902,-0.263276,5.268910,29.711740,0.127531,0.408991
prediction,none,29.398011,4.038301,-0.544345,5.244736,0,0,0
prediction,none,29.345774,4.152563,-0.579324,4.906434,0,0,0
update,radar,29.345774,4.152563,-0.579324,4.906434,29.638121,0.140571,0.113825
prediction,none,29.316547,4.401140,-0.658205,4.901136,0,0,0
prediction,none,29.237251,4.604892,-0.733668,4.816199,0,0,0
update,radar,29.237251,4.604892,-0.733668,4.816199,29.597666,0.156218,0.024585
prediction,none,29.142530,4.840119,-1.017568,4.782904,0,0,0
prediction,none,29.056717,5.168250,-1.082359,4.997379,0,0,0
update,radar,29.056717,5.168250,-1.082359,4.997379,29.512770,0.176027,-0.190497
prediction,none,28.976308,5.414470,-1.177446,4.984936,0,0,0
prediction,none,28.961764,5.638113,-1.100613,4.914693,0,0,0
update,radar,28.961763,5.638113,-1.100613,4.914693,29.505459,0.192270,-0.141198
prediction,none,28.824798,5.907155,-1.513280,4.930622,0,0,0
prediction,none,28.737630,6.177969,-1.534939,4.989566,0,0,0
update,radar,28.737631,6.177969,-1.534939,4.989566,29.394196,0.211755,-0.451964
prediction,none,28.580138,6.433485,-1.930324,4.963292,0,0,0
prediction,none,28.481762,6.646349,-1.929928,4.882661,0,0,0
update,radar,28.481762,6.646348,-1.929928,4.882661,29.246960,0.229252,-0.769853
prediction,none,28.394845,6.911996,-2.060416,4.892600,0,0,0
prediction,none,28.315983,7.059325,-2.008282,4.662858,0,0,0
update,radar,28.315983,7.059325,-2.008282,4.662858,29.182682,0.244325,-0.820687
prediction,none,28.180477,7.269210,-2.153983,4.594759,0,0,0
prediction,none,28.044787,7.652003,-2.220685,4.952552,0,0,0
update,radar,28.044786,7.652003,-2.220685,4.952552,29.069971,0.266366,-0.838725
prediction,none,27.877963,7.900082,-2.532599,4.905521,0,0,0
prediction,none,27.764089,8.084546,-2.502534,4.763229,0,0,0
update,radar,27.764090,8.084546,-2.502534,4.763229,28.917202,0.283352,-1.071059
prediction,none,27.579888,8.309557,-2.792013,4.691170,0,0,0
prediction,none,27.422789,8.506771,-2.816929,4.611834,0,0,0
update,radar,27.422789,8.506770,-2.816929,4.611834,28.711922,0.300795,-1.324057
prediction,none,27.212567,8.694089,-3.252130,4.426342,0,0,0
prediction,none,27.082508,8.811278,-3.179526,4.180587,0,0,0
update,radar,27.082508,8.811278,-3.179526,4.180587,28.479832,0.314548,-1.730109
prediction,none,26.890138,9.028166,-3.399941,4.153063,0,0,0
prediction,none,26.637088,9.376077,-3.567682,4.495925,0,0,0
update,radar,26.637089,9.376077,-3.567682,4.495925,28.239075,0.338449,-1.872530
prediction,none,26.431839,9.574892,-3.629192,4.438445,0,0,0
prediction,none,26.265060,9.639030,-3.576119,4.079423,0,0,0
update,radar,26.265060,9.639030,-3.576119,4.079423,27.977924,0.351730,-1.951728
prediction,none,26.098698,9.854159,-3.537690,4.107796,0,0,0
prediction,none,25.928892,10.072602,-3.527602,4.134601,0,0,0
update,radar,25.928892,10.072602,-3.527602,4.134601,27.816628,0.370528,-1.791037
prediction,none,25.736698,10.288711,-3.549778,4.164573,0,0,0
prediction,none,25.618217,10.323703,-3.411978,3.758424,0,0,0
update,radar,25.618217,10.323703,-3.411978,3.758424,27.620136,0.383075,-1.759873
prediction,none,25.386323,10.494556,-3.810217,3.616223,0,0,0
prediction,none,25.239124,10.506475,-3.699283,3.226280,0,0,0
update,radar,25.239124,10.506475,-3.699283,3.226280,27.338606,0.394459,-2.175307
prediction,none,25.021439,10.689068,-3.836741,3.252943,0,0,0
prediction,none,24.803612,10.856642,-3.884022,3.272857,0,0,0
update,radar,24.803612,10.856643,-3.884022,3.272857,27.075558,0.412582,-2.245772
prediction,none,24.588353,11.013886,-3.928995,3.262035,0,0,0
prediction,none,24.406580,11.122052,-3.890814,3.135691,0,0,0
update,radar,24.406580,11.122052,-3.890814,3.135691,26.821283,0.427583,-2.240241
prediction,none,24.182986,11.301297,-4.119189,3.114132,0,0,0
prediction,none,24.002302,11.453623,-4.073006,3.097801,0,0,0
update,radar,24.002302,11.453624,-4.073007,3.097801,26.595037,0.445232,-2.341809
prediction,none,23.766741,11.569100,-4.329135,2.917216,0,0,0
prediction,none,23.587537,11.566566,-4.227296,2.579000,0,0,0
update,radar,23.587538,11.566566,-4.227296,2.579000,26.270845,0.455912,-2.660034
prediction,none,23.378854,11.692728,-4.231186,2.566970,0,0,0
prediction,none,23.152488,11.851187,-4.265258,2.637995,0,0,0
update,radar,23.152489,11.851187,-4.265257,2.637995,26.009390,0.473103,-2.594753
prediction,none,22.911088,11.980532,-4.411407,2.591540,0,0,0
prediction,none,22.668140,12.134167,-4.458129,2.651933,0,0,0
update,radar,22.668140,12.134167,-4.458128,2.651933,25.711527,0.491484,-2.678895
prediction,none,22.439417,12.271938,-4.523673,2.635422,0,0,0
prediction,none,22.232610,12.350207,-4.474581,2.512541,0,0,0
update,radar,22.232609,12.350206,-4.474581,2.512541,25.432587,0.507056,-2.691477
prediction,none,22.024779,12.471117,-4.385156,2.530350,0,0,0
prediction,none,21.758459,12.586460,-4.469113,2.523665,0,0,0
update,radar,21.758459,12.586459,-4.469113,2.523665,25.136616,0.524433,-2.604846
prediction,none,21.506134,12.697859,-4.707658,2.388180,0,0,0
prediction,none,21.292955,12.744367,-4.647052,2.223584,0,0,0
update,radar,21.292955,12.744367,-4.647052,2.223584,24.815496,0.539334,-2.845452
prediction,none,21.067910,12.838798,-4.629670,2.183830,0,0,0
prediction,none,20.851103,13.048088,-4.629515,2.391953,0,0,0
update,radar,20.851103,13.048088,-4.629515,2.391953,24.597178,0.559156,-2.655592
prediction,none,20.571041,13.154603,-4.933859,2.240925,0,0,0
prediction,none,20.420021,13.148767,-4.721312,1.954357,0,0,0
update,radar,20.420021,13.148767,-4.721313,1.954357,24.287184,0.572086,-2.911491
prediction,none,20.146758,13.186309,-5.045024,1.658152,0,0,0
prediction,none,19.913782,13.275894,-5.010546,1.664909,0,0,0
update,radar,19.913782,13.275894,-5.010546,1.664909,23.933411,0.588004,-3.245495
prediction,none,19.655648,13.373966,-4.946730,1.757081,0,0,0
prediction,none,19.506319,13.316162,-4.718733,1.413115,0,0,0
update,radar,19.506319,13.316162,-4.718733,1.413115,23.618143,0.598993,-3.100491
prediction,none,19.251334,13.414949,-4.787275,1.463783,0,0,0
prediction,none,18.941318,13.522884,-4.931847,1.563672,0,0,0
update,radar,18.941319,13.522883,-4.931847,1.563672,23.273203,0.620018,-3.105302
prediction,none,18.682823,13.560823,-5.023738,1.422577,0,0,0
prediction,none,18.487920,13.533610,-4.886492,1.195892,0,0,0
update,radar,18.487921,13.533610,-4.886492,1.195892,22.912046,0.631897,-3.236566
prediction,none,18.207967,13.583900,-5.027859,1.132733,0,0,0
prediction,none,18.012642,13.674715,-4.930417,1.182236,0,0,0
update,radar,18.012642,13.674715,-4.930418,1.182236,22.615328,0.649346,-3.212118
prediction,none,17.756257,13.767343,-4.902739,1.301809,0,0,0
prediction,none,17.565590,13.801287,-4.787725,1.216550,0,0,0
update,radar,17.565590,13.801287,-4.787725,1.216550,22.338877,0.665960,-3.013100
prediction,none,17.302796,13.839543,-5.012515,1.026845,0,0,0
prediction,none,17.066257,13.850903,-4.972603,0.939233,0,0,0
update,radar,17.066257,13.850904,-4.972603,0.939233,21.979643,0.681772,-3.269139
prediction,none,16.808841,13.905810,-5.057076,0.904840,0,0,0
prediction,none,16.589004,13.950280,-4.992175,0.890608,0,0,0
update,radar,16.589005,13.950280,-4.992175,0.890608,21.674995,0.699208,-3.247566
prediction,none,16.354421,13.950044,-4.969931,0.772813,0,0,0
prediction,none,16.206167,13.891426,-4.741339,0.536579,0,0,0
update,radar,16.206167,13.891426,-4.741339,0.536579,21.345060,0.708641,-3.250639
prediction,none,15.982140,13.923039,-4.668231,0.584394,0,0,0
prediction,none,15.801737,13.907856,-4.549152,0.474108,0,0,0
update,radar,15.801738,13.907856,-4.549152,0.474108,21.050495,0.721738,-3.101622
prediction,none,15.583066,13.904175,-4.538372,0.400033,0,0,0
prediction,none,15.314558,13.964067,-4.633850,0.496455,0,0,0
update,radar,15.314558,13.964067,-4.633850,0.496455,20.725126,0.739305,-3.089623
prediction,none,15.075497,13.979107,-4.748623,0.381989,0,0,0
prediction,none,14.865294,14.019268,-4.701284,0.414032,0,0,0
update,radar,14.865294,14.019268,-4.701284,0.414032,20.433229,0.756117,-3.136144
prediction,none,14.656230,13.999918,-4.740054,0.220310,0,0,0
prediction,none,14.351125,14.032537,-4.883908,0.289111,0,0,0
update,radar,14.351125,14.032537,-4.883908,0.289111,20.071545,0.774174,-3.289862
prediction,none,14.088004,14.029853,-4.946904,0.231201,0,0,0
prediction,none,13.747451,14.084702,-5.149752,0.352045,0,0,0
update,radar,13.747451,14.084702,-5.149752,0.352045,19.681747,0.797515,-3.345105
prediction,none,13.455983,14.099369,-5.167682,0.413351,0,0,0
prediction,none,13.228134,14.097020,-5.097696,0.356671,0,0,0
update,radar,13.228134,14.097019,-5.097696,0.356671,19.331566,0.817185,-3.228141
prediction,none,12.973845,14.103357,-5.070759,0.357713,0,0,0
prediction,none,12.788345,14.051340,-4.907500,0.195939,0,0,0
update,radar,12.788345,14.051340,-4.907500,0.195939,18.999525,0.832420,-3.158268
prediction,none,12.555031,14.039818,-4.852365,0.175142,0,0,0
prediction,none,12.355177,14.007947,-4.750328,0.080499,0,0,0
update,radar,12.355177,14.007947,-4.750329,0.080499,18.678143,0.848009,-3.081866
prediction,none,12.137956,14.022077,-4.673841,0.136690,0,0,0
prediction,none,11.935867,14.082074,-4.626104,0.228177,0,0,0
update,radar,11.935867,14.082074,-4.626103,0.228177,18.459949,0.867701,-2.817091
prediction,none,11.688170,14.115360,-4.671068,0.273440,0,0,0
prediction,none,11.419476,14.087398,-4.730448,0.205856,0,0,0
update,radar,11.419477,14.087399,-4.730448,0.205856,18.134478,0.889615,-2.818899
prediction,none,11.188657,14.138316,-4.706935,0.315106,0,0,0
prediction,none,10.888993,14.194957,-4.856137,0.415662,0,0,0
update,radar,10.888993,14.194958,-4.856137,0.415662,17.890417,0.916439,-2.625883
prediction,none,10.636424,14.171893,-4.991605,0.158604,0,0,0
